Entry	Entry name	Status	EC number	Protein names	Gene names	Organism	Length
P22256	GABT_ECOLI	reviewed	2.6.1.19; 2.6.1.22	4-aminobutyrate aminotransferase GabT (EC 2.6.1.19) ((S)-3-amino-2-methylpropionate transaminase) (EC 2.6.1.22) (GABA aminotransferase) (GABA-AT) (Gamma-amino-N-butyrate transaminase) (GABA transaminase) (Glutamate:succinic semialdehyde transaminase) (L-AIBAT)	gabT b2662 JW2637	Escherichia coli (strain K12)	426
P12995	BIOA_ECOLI	reviewed	2.6.1.62	,Adenosylmethionine-8-amino-7-oxononanoate aminotransferase (EC 2.6.1.62) (7,,8-diamino-pelargonic acid aminotransferase) (DAPA AT) (DAPA aminotransferase) (7,,8-diaminononanoate synthase) (DANS) (Diaminopelargonic acid synthase),	bioA b0774 JW0757	Escherichia coli (strain K12)	429
P9WQ81	BIOA_MYCTU	reviewed	2.6.1.62	,Adenosylmethionine-8-amino-7-oxononanoate aminotransferase (EC 2.6.1.62) (7,,8-diamino-pelargonic acid aminotransferase) (DAPA AT) (DAPA aminotransferase) (7,,8-diaminononanoate synthase) (DANS) (Diaminopelargonic acid synthase),	bioA Rv1568 MTCY336.35c	Mycobacterium tuberculosis (strain ATCC 25618 / H37Rv)	437
Q9I700	BAUA_PSEAE	reviewed	2.6.1.18	Beta-alanine--pyruvate aminotransferase (Beta-A--Py AT) (EC 2.6.1.18) (Beta-alanine--pyruvate transaminase) (Omega-amino acid aminotransferase) (Omega-amino acid AT) (Omega-amino acid--pyruvate aminotransferase) (Omega-APT)	bauA PA0132	Pseudomonas aeruginosa (strain ATCC 15692 / DSM 22644 / CIP 104116 / JCM 14847 / LMG 12228 / 1C / PRS 101 / PAO1)	448
P40732	ARGD_SALTY	reviewed	2.6.1.11; 2.6.1.17	Acetylornithine/succinyldiaminopimelate aminotransferase (ACOAT) (DapATase) (Succinyldiaminopimelate transferase) (EC 2.6.1.11) (EC 2.6.1.17)	argD dapC dtu STM3468	Salmonella typhimurium (strain LT2 / SGSC1412 / ATCC 700720)	405
P50457	PUUE_ECOLI	reviewed	2.6.1.19	4-aminobutyrate aminotransferase PuuE (EC 2.6.1.19) (GABA aminotransferase) (GABA-AT) (Gamma-amino-N-butyrate transaminase) (GABA transaminase) (Glutamate:succinic semialdehyde transaminase)	puuE goaG b1302 JW1295	Escherichia coli (strain K12)	421
P53555	BIOK_BACSU	reviewed	2.6.1.105	,L-Lysine--8-amino-7-oxononanoate transaminase (EC 2.6.1.105) (7,,8-diamino-pelargonic acid aminotransferase) (DAPA AT) (DAPA aminotransferase) (7,,8-diaminononanoate synthase) (DANS) (Diaminopelargonic acid synthase) (L-Lysine--8-amino-7-oxononanoate aminotransferase),	bioK bioA BSU30230	Bacillus subtilis (strain 168)	448
P18335	ARGD_ECOLI	reviewed	2.6.1.11; 2.6.1.17	Acetylornithine/succinyldiaminopimelate aminotransferase (ACOAT) (DapATase) (Succinyldiaminopimelate transferase) (EC 2.6.1.11) (EC 2.6.1.17)	argD dapC dtu b3359 JW3322	Escherichia coli (strain K12)	406
H8WR05	BFAT_VARPD	reviewed	2.6.1.-	Beta-phenylalanine transaminase (EC 2.6.1.-) (Aromatic beta-amino acid aminotransferase) (Beta-phenylalanine aminotransferase) (VpAT)		Variovorax paradoxus	434
O30508	ARUC_PSEAE	reviewed	2.6.1.11; 2.6.1.81	Succinylornithine transaminase/acetylornithine aminotransferase (ACOAT) (SOAT) (Succinylornithine aminotransferase) (EC 2.6.1.11) (EC 2.6.1.81)	aruC argD astC PA0895	Pseudomonas aeruginosa (strain ATCC 15692 / DSM 22644 / CIP 104116 / JCM 14847 / LMG 12228 / 1C / PRS 101 / PAO1)	406
P77581	ASTC_ECOLI	reviewed	2.6.1.81	Succinylornithine transaminase (SOAT) (EC 2.6.1.81) (Carbon starvation protein C) (Succinylornithine aminotransferase)	astC argM cstC ydjW b1748 JW1737	Escherichia coli (strain K12)	406
P23893	GSA_ECOLI	reviewed	5.4.3.8	,Glutamate-1-semialdehyde 2,,1-aminomutase (GSA) (EC 5.4.3.8) (Glutamate-1-semialdehyde aminotransferase) (GSA-AT),	hemL gsa popC b0154 JW0150	Escherichia coli (strain K12)	426
P42588	PAT_ECOLI	reviewed	2.6.1.82	Putrescine aminotransferase (EC 2.6.1.82) (Putrescine--2-oxoglutaric acid transaminase) (PAT) (PATase)	patA ygjG b3073 JW5510	Escherichia coli (strain K12)	459
P24630	GSA_SYNP6	reviewed	5.4.3.8	,Glutamate-1-semialdehyde 2,,1-aminomutase (GSA) (EC 5.4.3.8) (Glutamate-1-semialdehyde aminotransferase) (GSA-AT),	hemL gsa syc0881_c	Synechococcus sp. (strain ATCC 27144 / PCC 6301 / SAUG 1402/1) (Anacystis nidulans)	433
Q93R93	LYSJ_THET2	reviewed	2.6.1.LYS	[LysW]-aminoadipate semialdehyde transaminase (EC 2.6.1.-)	lysJ TT_C1393	Thermus thermophilus (strain HB27 / ATCC BAA-163 / DSM 7039)	395
P9WPZ7	ARGD_MYCTU	reviewed	2.6.1.11	Acetylornithine aminotransferase (ACOAT) (EC 2.6.1.11)	argD Rv1655 MTCY06H11.20	Mycobacterium tuberculosis (strain ATCC 25618 / H37Rv)	400
B0VH76	KAT_CLOAI	reviewed	2.6.1.111	3-aminobutyryl-CoA aminotransferase (EC 2.6.1.111) (HemL-like protein)	kat CLOAM0809	Cloacimonas acidaminovorans (strain Evry)	414
Q9APM5	TPA_BILWA	reviewed	2.6.1.77	Taurine--pyruvate aminotransferase (EC 2.6.1.77)	tpa	Bilophila wadsworthia	456
Q7M181	ACLR_ACHOB	reviewed	5.1.1.15	2-aminohexano-6-lactam racemase (EC 5.1.1.15) (2-amino-hexano-6-lactam racemase) (Alpha-amino-epsilon-caprolactam racemase)		Achromobacter obae	436
E6SRG2	BIOAB_BACT6	reviewed	2.8.1.6; 2.6.1.62	,Biotin biosynthesis bifunctional protein BioAB [Includes: Biotin synthase BioB (EC 2.8.1.6); Adenosylmethionine-8-amino-7-oxononanoate aminotransferase BioA (EC 2.6.1.62) (7,,8-diamino-pelargonic acid aminotransferase) (DAPA AT) (DAPA aminotransferase) (7,,8-diaminononanoate synthase) (DANS) (Diaminopelargonic acid synthase)],	bioB Bache_2094	Bacteroides helcogenes (strain ATCC 35417 / DSM 20613 / JCM 6297 / P 36-108)	744
Q53U08	NEON_STRFR	reviewed	2.6.1.93	Neamine transaminase NeoN (EC 2.6.1.93) (Glutamate--6'-dehydroparomamine aminotransferase) (Neomycin C transaminase) (EC 2.6.1.95) (Neomycin biosynthesis protein 18) (Neo-18) (Neomycin biosynthesis protein B) (Neomycin biosynthesis protein N)	neoN neo18 neoB	Streptomyces fradiae (Streptomyces roseoflavus)	416
O52250	ECTB_HALED	reviewed	2.6.1.76	,Diaminobutyrate--2-oxoglutarate transaminase (EC 2.6.1.76) (DABA aminotransferase) (Diaminobutyrate--2-oxoglutarate aminotransferase) (L-2,,4-diaminobutyric acid transaminase),	ectB HELO_2589	Halomonas elongata (strain ATCC 33173 / DSM 2581 / NBRC 15536 / NCIMB 2198 / 1H9)	421
P59324	ARGD_YERPE	reviewed	2.6.1.11; 2.6.1.17	Acetylornithine/succinyldiaminopimelate aminotransferase (ACOAT) (DapATase) (Succinyldiaminopimelate transferase) (EC 2.6.1.11) (EC 2.6.1.17)	argD dapC YPO0170 y3954 YP_0172	Yersinia pestis	405
Q88RB9	DAVT_PSEPK	reviewed	2.6.1.48	5-aminovalerate aminotransferase DavT (EC 2.6.1.48) (5-aminovalerate transaminase) (Delta-aminovalerate aminotransferase)	davT PP_0214	Pseudomonas putida (strain ATCC 47054 / DSM 6125 / NCIMB 11950 / KT2440)	425
P22805	BIOA_LYSSH	reviewed	2.6.1.62	,Adenosylmethionine-8-amino-7-oxononanoate aminotransferase (EC 2.6.1.62) (7,,8-diamino-pelargonic acid aminotransferase) (DAPA AT) (DAPA aminotransferase) (7,,8-diaminononanoate synthase) (DANS) (Diaminopelargonic acid synthase),	bioA	Lysinibacillus sphaericus (Bacillus sphaericus)	455
P38021	OAT_BACSU	reviewed	2.6.1.13	Ornithine aminotransferase (OAT) (EC 2.6.1.13) (Ornithine--oxo-acid aminotransferase)	rocD BSU40340	Bacillus subtilis (strain 168)	401
M1GRN3	ILE2E_LACBU	reviewed	5.1.1.21	Isoleucine 2-epimerase (EC 5.1.1.21) (BCAA racemase)		Lactobacillus buchneri	450
Q5SHH5	LYSJ_THET8	reviewed	2.6.1.LYS	[LysW]-aminoadipate semialdehyde transaminase (EC 2.6.1.-)	lysJ TTHA1755	Thermus thermophilus (strain HB8 / ATCC 27634 / DSM 579)	395
P16932	DGDA_BURCE	reviewed	4.1.1.64	,2,,2-dialkylglycine decarboxylase (DGD) (EC 4.1.1.64),	dgdA	Burkholderia cepacia (Pseudomonas cepacia)	433
Q8X4S6	ARGD_ECO57	reviewed	2.6.1.11; 2.6.1.17	Acetylornithine/succinyldiaminopimelate aminotransferase (ACOAT) (DapATase) (Succinyldiaminopimelate transferase) (EC 2.6.1.11) (EC 2.6.1.17)	argD dapC Z4720 ECs4210	Escherichia coli O157:H7	406
P59317	ARGD_ECOL6	reviewed	2.6.1.11; 2.6.1.17	Acetylornithine/succinyldiaminopimelate aminotransferase (ACOAT) (DapATase) (Succinyldiaminopimelate transferase) (EC 2.6.1.11) (EC 2.6.1.17)	argD dapC c4134	Escherichia coli O6:H1 (strain CFT073 / ATCC 700928 / UPEC)	406
Q8Z1Z3	ARGD_SALTI	reviewed	2.6.1.11; 2.6.1.17	Acetylornithine/succinyldiaminopimelate aminotransferase (ACOAT) (DapATase) (Succinyldiaminopimelate transferase) (EC 2.6.1.11) (EC 2.6.1.17)	argD dapC STY4328 t4037	Salmonella typhi	405
Q9I6J2	SPUC_PSEAE	reviewed	2.6.1.113	Putrescine--pyruvate aminotransferase (PATase) (EC 2.6.1.113) (Putrescine--pyruvate transaminase)	spuC PA0299	Pseudomonas aeruginosa (strain ATCC 15692 / DSM 22644 / CIP 104116 / JCM 14847 / LMG 12228 / 1C / PRS 101 / PAO1)	456
O66442	ARGD_AQUAE	reviewed	2.6.1.11	Acetylornithine aminotransferase (ACOAT) (EC 2.6.1.11)	argD aq_023	Aquifex aeolicus (strain VF5)	376
P59321	ARGD_SHIFL	reviewed	2.6.1.11; 2.6.1.17	Acetylornithine/succinyldiaminopimelate aminotransferase (ACOAT) (DapATase) (Succinyldiaminopimelate transferase) (EC 2.6.1.11) (EC 2.6.1.17)	argD dapC SF3378 S4385	Shigella flexneri	406
P28269	OAPT_PSEPU	reviewed	2.6.1.18	Omega-amino acid--pyruvate aminotransferase (Omega-APT) (EC 2.6.1.18) (Beta-alanine--pyruvate aminotransferase)		Pseudomonas putida (Arthrobacter siderocapsulatus)	449
P46395	BIOA_CORGL	reviewed	2.6.1.62	,Adenosylmethionine-8-amino-7-oxononanoate aminotransferase (EC 2.6.1.62) (7,,8-diamino-pelargonic acid aminotransferase) (DAPA AT) (DAPA aminotransferase) (7,,8-diaminononanoate synthase) (DANS) (Diaminopelargonic acid synthase),	bioA Cgl2604 cg2885	Corynebacterium glutamicum (strain ATCC 13032 / DSM 20300 / JCM 1318 / LMG 3730 / NCIMB 10025)	423
P57600	ARGD_BUCAI	reviewed	2.6.1.11; 2.6.1.17	Acetylornithine/succinyldiaminopimelate aminotransferase (ACOAT) (DapATase) (Succinyldiaminopimelate transferase) (EC 2.6.1.11) (EC 2.6.1.17)	argD dapC BU534	Buchnera aphidicola subsp. Acyrthosiphon pisum (strain APS) (Acyrthosiphon pisum symbiotic bacterium)	408
Q7N9E5	ARGD_PHOLL	reviewed	2.6.1.11; 2.6.1.17	Acetylornithine/succinyldiaminopimelate aminotransferase (ACOAT) (DapATase) (Succinyldiaminopimelate transferase) (EC 2.6.1.11) (EC 2.6.1.17)	argD dapC plu0394	Photorhabdus luminescens subsp. laumondii (strain DSM 15139 / CIP 105565 / TT01)	403
P59086	ARGD_BUCAP	reviewed	2.6.1.11; 2.6.1.17	Acetylornithine/succinyldiaminopimelate aminotransferase (ACOAT) (DapATase) (Succinyldiaminopimelate transferase) (EC 2.6.1.11) (EC 2.6.1.17)	argD dapC BUsg_515	Buchnera aphidicola subsp. Schizaphis graminum (strain Sg)	404
P53656	BIOA_ESCVU	reviewed	2.6.1.62	,Adenosylmethionine-8-amino-7-oxononanoate aminotransferase (EC 2.6.1.62) (7,,8-diamino-pelargonic acid aminotransferase) (DAPA AT) (DAPA aminotransferase) (7,,8-diaminononanoate synthase) (DANS) (Diaminopelargonic acid synthase),	bioA	Escherichia vulneris (Pseudescherichia vulneris)	429
P36568	BIOA_SERMA	reviewed	2.6.1.62	,Adenosylmethionine-8-amino-7-oxononanoate aminotransferase (EC 2.6.1.62) (7,,8-diamino-pelargonic acid aminotransferase) (DAPA AT) (DAPA aminotransferase) (7,,8-diaminononanoate synthase) (DANS) (Diaminopelargonic acid synthase),	bioA	Serratia marcescens	425
P94427	GABT_BACSU	reviewed	2.6.1.19; 2.6.1.22	Probable 4-aminobutyrate aminotransferase (EC 2.6.1.19) ((S)-3-amino-2-methylpropionate transaminase) (EC 2.6.1.22) (GABA aminotransferase) (GABA-AT) (Gamma-amino-N-butyrate transaminase) (GABA transaminase) (Glutamate:succinic semialdehyde transaminase) (L-AIBAT)	gabT ycnG BSU03900	Bacillus subtilis (strain 168)	436
Q01767	LAT_STRC2	reviewed	2.6.1.36	L-lysine-epsilon aminotransferase (L-lysine aminotransferase) (EC 2.6.1.36) (Lysine 6-aminotransferase)	lat	Streptomyces clavuligerus (strain ATCC 27064 / DSM 738 / JCM 4710 / NBRC 13307 / NCIMB 12785 / NRRL 3585 / VKM Ac-602)	457
Q55665	GSA_SYNY3	reviewed	5.4.3.8	,Glutamate-1-semialdehyde 2,,1-aminomutase (GSA) (EC 5.4.3.8) (Glutamate-1-semialdehyde aminotransferase) (GSA-AT),	hemL gsa sll0017	Synechocystis sp. (strain PCC 6803 / Kazusa)	433
Q6L741	KACL_STRKN	reviewed	2.6.1.93	2'-deamino-2'-hydroxyneamine transaminase (EC 2.6.1.94) (Kanamycin biosynthesis protein B) (Neamine transaminase KanB) (EC 2.6.1.93)	kacL kanB	Streptomyces kanamyceticus	392
Q9I6M4	DAVT_PSEAE	reviewed	2.6.1.48	5-aminovalerate aminotransferase DavT (EC 2.6.1.48) (5-aminovalerate transaminase) (Delta-aminovalerate aminotransferase)	davT PA0266	Pseudomonas aeruginosa (strain ATCC 15692 / DSM 22644 / CIP 104116 / JCM 14847 / LMG 12228 / 1C / PRS 101 / PAO1)	426
Q9X2A5	ARGD_THEMA	reviewed	2.6.1.11	Acetylornithine aminotransferase (ACOAT) (EC 2.6.1.11)	argD TM_1785	Thermotoga maritima (strain ATCC 43589 / MSB8 / DSM 3109 / JCM 10099)	385
E1V7V7	DOED_HALED	reviewed	2.6.1.76	Diaminobutyrate--2-oxoglutarate transaminase (EC 2.6.1.76)	doeD HELO_3661	Halomonas elongata (strain ATCC 33173 / DSM 2581 / NBRC 15536 / NCIMB 2198 / 1H9)	469
P12677	BIOA_SALTY	reviewed	2.6.1.62	,Adenosylmethionine-8-amino-7-oxononanoate aminotransferase (EC 2.6.1.62) (7,,8-diamino-pelargonic acid aminotransferase) (DAPA AT) (DAPA aminotransferase) (7,,8-diaminononanoate synthase) (DANS) (Diaminopelargonic acid synthase),	bioA STM0793	Salmonella typhimurium (strain LT2 / SGSC1412 / ATCC 700720)	429
P0A4X7	BIOA_MYCBO	reviewed	2.6.1.62	,Adenosylmethionine-8-amino-7-oxononanoate aminotransferase (EC 2.6.1.62) (7,,8-diamino-pelargonic acid aminotransferase) (DAPA AT) (DAPA aminotransferase) (7,,8-diaminononanoate synthase) (DANS) (Diaminopelargonic acid synthase),	bioA BQ2027_MB1595	Mycobacterium bovis (strain ATCC BAA-935 / AF2122/97)	437
O25627	BIOA_HELPY	reviewed	2.6.1.62	,Adenosylmethionine-8-amino-7-oxononanoate aminotransferase (EC 2.6.1.62) (7,,8-diamino-pelargonic acid aminotransferase) (DAPA AT) (DAPA aminotransferase) (7,,8-diaminononanoate synthase) (DANS) (Diaminopelargonic acid synthase),	bioA HP_0976	Helicobacter pylori (strain ATCC 700392 / 26695) (Campylobacter pylori)	436
O66557	BIOA_AQUAE	reviewed	2.6.1.62	,Adenosylmethionine-8-amino-7-oxononanoate aminotransferase (EC 2.6.1.62) (7,,8-diamino-pelargonic acid aminotransferase) (DAPA AT) (DAPA aminotransferase) (7,,8-diaminononanoate synthase) (DANS) (Diaminopelargonic acid synthase),	bioA aq_170	Aquifex aeolicus (strain VF5)	453
Q74CT9	BIOA_GEOSL	reviewed	2.6.1.62	,Adenosylmethionine-8-amino-7-oxononanoate aminotransferase (EC 2.6.1.62) (7,,8-diamino-pelargonic acid aminotransferase) (DAPA AT) (DAPA aminotransferase) (7,,8-diaminononanoate synthase) (DANS) (Diaminopelargonic acid synthase),	bioA GSU1582	Geobacter sulfurreducens (strain ATCC 51573 / DSM 12127 / PCA)	453
P45488	BIOA_MYCLE	reviewed	2.6.1.62	,Adenosylmethionine-8-amino-7-oxononanoate aminotransferase (EC 2.6.1.62) (7,,8-diamino-pelargonic acid aminotransferase) (DAPA AT) (DAPA aminotransferase) (7,,8-diaminononanoate synthase) (DANS) (Diaminopelargonic acid synthase),	bioA ML1216 B1170_C2_195	Mycobacterium leprae (strain TN)	436
P44426	BIOA_HAEIN	reviewed	2.6.1.62	,Adenosylmethionine-8-amino-7-oxononanoate aminotransferase (EC 2.6.1.62) (7,,8-diamino-pelargonic acid aminotransferase) (DAPA AT) (DAPA aminotransferase) (7,,8-diaminononanoate synthase) (DANS) (Diaminopelargonic acid synthase),	bioA HI_1554	Haemophilus influenzae (strain ATCC 51907 / DSM 11121 / KW20 / Rd)	430
Q2FVJ6	BIOA_STAA8	reviewed	2.6.1.62	,Adenosylmethionine-8-amino-7-oxononanoate aminotransferase (EC 2.6.1.62) (7,,8-diamino-pelargonic acid aminotransferase) (DAPA AT) (DAPA aminotransferase) (7,,8-diaminononanoate synthase) (DANS) (Diaminopelargonic acid synthase),	bioA SAOUHSC_02715	Staphylococcus aureus (strain NCTC 8325)	452
Q9FCC2	BIOA_STRCO	reviewed	2.6.1.62	,Adenosylmethionine-8-amino-7-oxononanoate aminotransferase (EC 2.6.1.62) (7,,8-diamino-pelargonic acid aminotransferase) (DAPA AT) (DAPA aminotransferase) (7,,8-diaminononanoate synthase) (DANS) (Diaminopelargonic acid synthase),	bioA SCO1245 2SCG1.20	Streptomyces coelicolor (strain ATCC BAA-471 / A3(2) / M145)	428
P9WQ79	GABT_MYCTU	reviewed	2.6.1.19; 2.6.1.22	4-aminobutyrate aminotransferase (EC 2.6.1.19) ((S)-3-amino-2-methylpropionate transaminase) (EC 2.6.1.22) (GABA aminotransferase) (GABA-AT) (Gamma-amino-N-butyrate transaminase) (GABA transaminase) (Glutamate:succinic semialdehyde transaminase) (L-AIBAT)	gabT Rv2589 MTCY227.12c	Mycobacterium tuberculosis (strain ATCC 25618 / H37Rv)	449
B7GHM5	BIOA_ANOFW	reviewed	2.6.1.62	,Adenosylmethionine-8-amino-7-oxononanoate aminotransferase (EC 2.6.1.62) (7,,8-diamino-pelargonic acid aminotransferase) (DAPA AT) (DAPA aminotransferase) (7,,8-diaminononanoate synthase) (DANS) (Diaminopelargonic acid synthase),	bioA Aflv_1071	Anoxybacillus flavithermus (strain DSM 21510 / WK1)	454
Q9ZKM5	BIOA_HELPJ	reviewed	2.6.1.62	,Adenosylmethionine-8-amino-7-oxononanoate aminotransferase (EC 2.6.1.62) (7,,8-diamino-pelargonic acid aminotransferase) (DAPA AT) (DAPA aminotransferase) (7,,8-diaminononanoate synthase) (DANS) (Diaminopelargonic acid synthase),	bioA jhp_0910	Helicobacter pylori (strain J99 / ATCC 700824) (Campylobacter pylori J99)	439
P57379	BIOA_BUCAI	reviewed	2.6.1.62	,Adenosylmethionine-8-amino-7-oxononanoate aminotransferase (EC 2.6.1.62) (7,,8-diamino-pelargonic acid aminotransferase) (DAPA AT) (DAPA aminotransferase) (7,,8-diaminononanoate synthase) (DANS) (Diaminopelargonic acid synthase),	bioA BU292	Buchnera aphidicola subsp. Acyrthosiphon pisum (strain APS) (Acyrthosiphon pisum symbiotic bacterium)	428
Q89AK4	BIOA_BUCBP	reviewed	2.6.1.62	,Adenosylmethionine-8-amino-7-oxononanoate aminotransferase (EC 2.6.1.62) (7,,8-diamino-pelargonic acid aminotransferase) (DAPA AT) (DAPA aminotransferase) (7,,8-diaminononanoate synthase) (DANS) (Diaminopelargonic acid synthase),	bioA bbp_273	Buchnera aphidicola subsp. Baizongia pistaciae (strain Bp)	429
Q8K9P0	BIOA_BUCAP	reviewed	2.6.1.62	,Adenosylmethionine-8-amino-7-oxononanoate aminotransferase (EC 2.6.1.62) (7,,8-diamino-pelargonic acid aminotransferase) (DAPA AT) (DAPA aminotransferase) (7,,8-diaminononanoate synthase) (DANS) (Diaminopelargonic acid synthase),	bioA BUsg_281	Buchnera aphidicola subsp. Schizaphis graminum (strain Sg)	432
P9WQ80	BIOA_MYCTO	reviewed	2.6.1.62	,Adenosylmethionine-8-amino-7-oxononanoate aminotransferase (EC 2.6.1.62) (7,,8-diamino-pelargonic acid aminotransferase) (DAPA AT) (DAPA aminotransferase) (7,,8-diaminononanoate synthase) (DANS) (Diaminopelargonic acid synthase),	bioA MT1619	Mycobacterium tuberculosis (strain CDC 1551 / Oshkosh)	437
Q31QJ2	GSA_SYNE7	reviewed	5.4.3.8	,Glutamate-1-semialdehyde 2,,1-aminomutase (GSA) (EC 5.4.3.8) (Glutamate-1-semialdehyde aminotransferase) (GSA-AT),	hemL Synpcc7942_0645	Synechococcus elongatus (strain PCC 7942) (Anacystis nidulans R2)	433
A0QYS9	ARGD_MYCS2	reviewed	2.6.1.11	Acetylornithine aminotransferase (ACOAT) (EC 2.6.1.11)	argD MSMEG_3773 MSMEI_3684	Mycobacterium smegmatis (strain ATCC 700084 / mc(2)155)	390
P40829	GABT_MYCLE	reviewed	2.6.1.19; 2.6.1.22	4-aminobutyrate aminotransferase (EC 2.6.1.19) ((S)-3-amino-2-methylpropionate transaminase) (EC 2.6.1.22) (GABA aminotransferase) (GABA-AT) (Gamma-amino-N-butyrate transaminase) (GABA transaminase) (Glutamate:succinic semialdehyde transaminase) (L-AIBAT)	gabT ML0485 B1177_F2_67 MLCB1259.03c	Mycobacterium leprae (strain TN)	446
P9WMN9	GSA_MYCTU	reviewed	5.4.3.8	,Glutamate-1-semialdehyde 2,,1-aminomutase (GSA) (EC 5.4.3.8) (Glutamate-1-semialdehyde aminotransferase) (GSA-AT),	hemL Rv0524 MTCY25D10.03	Mycobacterium tuberculosis (strain ATCC 25618 / H37Rv)	462
P63505	GABT_MYCBO	reviewed	2.6.1.19; 2.6.1.22	4-aminobutyrate aminotransferase (EC 2.6.1.19) ((S)-3-amino-2-methylpropionate transaminase) (EC 2.6.1.22) (GABA aminotransferase) (GABA-AT) (Gamma-amino-N-butyrate transaminase) (GABA transaminase) (Glutamate:succinic semialdehyde transaminase) (L-AIBAT)	gabT BQ2027_MB2620	Mycobacterium bovis (strain ATCC BAA-935 / AF2122/97)	449
Q8DLK8	GSA_THEEB	reviewed	5.4.3.8	,Glutamate-1-semialdehyde 2,,1-aminomutase (GSA) (EC 5.4.3.8) (Glutamate-1-semialdehyde aminotransferase) (GSA-AT),	hemL tlr0479	Thermosynechococcus elongatus (strain BP-1)	437
Q9RW75	LYSJ_DEIRA	reviewed	2.6.1.LYS	[LysW]-aminoadipate semialdehyde transaminase (EC 2.6.1.-)	lysJ DR_0794	Deinococcus radiodurans (strain ATCC 13939 / DSM 20539 / JCM 16871 / LMG 4051 / NBRC 15346 / NCIMB 9279 / R1 / VKM B-1422)	429
Q8D0D7	ASTC_YERPE	reviewed	2.6.1.81	Succinylornithine transaminase (SOAT) (EC 2.6.1.81) (Succinylornithine aminotransferase)	astC argM cstC YPO1962 y2349 YP_1707	Yersinia pestis	414
Q8YS26	GSA_NOSS1	reviewed	5.4.3.8	,Glutamate-1-semialdehyde 2,,1-aminomutase (GSA) (EC 5.4.3.8) (Glutamate-1-semialdehyde aminotransferase) (GSA-AT),	hemL alr3265	Nostoc sp. (strain PCC 7120 / SAG 25.82 / UTEX 2576)	432
A2BVE5	GSA_PROM5	reviewed	5.4.3.8	,Glutamate-1-semialdehyde 2,,1-aminomutase (GSA) (EC 5.4.3.8) (Glutamate-1-semialdehyde aminotransferase) (GSA-AT),	hemL P9515_05471	Prochlorococcus marinus (strain MIT 9515)	433
D2D3B2	FUMI_SPHMC	reviewed	2.6.1.-	Aminopentol aminotransferase (EC 2.6.1.-)	fumI	Sphingopyxis macrogoltabida (Sphingomonas macrogoltabidus)	422
P9WQ78	GABT_MYCTO	reviewed	2.6.1.19; 2.6.1.22	4-aminobutyrate aminotransferase (EC 2.6.1.19) ((S)-3-amino-2-methylpropionate transaminase) (EC 2.6.1.22) (GABA aminotransferase) (GABA-AT) (Gamma-amino-N-butyrate transaminase) (GABA transaminase) (Glutamate:succinic semialdehyde transaminase) (L-AIBAT)	gabT MT2666	Mycobacterium tuberculosis (strain CDC 1551 / Oshkosh)	449
B1X023	GSA_CYAA5	reviewed	5.4.3.8	,Glutamate-1-semialdehyde 2,,1-aminomutase (GSA) (EC 5.4.3.8) (Glutamate-1-semialdehyde aminotransferase) (GSA-AT),	hemL cce_0172	Cyanothece sp. (strain ATCC 51142)	433
Q3AWP4	GSA_SYNS9	reviewed	5.4.3.8	,Glutamate-1-semialdehyde 2,,1-aminomutase (GSA) (EC 5.4.3.8) (Glutamate-1-semialdehyde aminotransferase) (GSA-AT),	hemL Syncc9902_1701	Synechococcus sp. (strain CC9902)	428
Q7NN66	ARGD_GLOVI	reviewed	2.6.1.11	Acetylornithine aminotransferase (ACOAT) (EC 2.6.1.11)	argD glr0547	Gloeobacter violaceus (strain PCC 7421)	400
Q818W2	ARGD_BACCR	reviewed	2.6.1.11	Acetylornithine aminotransferase (ACOAT) (EC 2.6.1.11)	argD BC_4127	Bacillus cereus (strain ATCC 14579 / DSM 31 / JCM 2152 / NBRC 15305 / NCIMB 9373 / NRRL B-3711)	386
Q8ZPV2	ASTC_SALTY	reviewed	2.6.1.81	Succinylornithine transaminase (SOAT) (EC 2.6.1.81) (Succinylornithine aminotransferase)	astC argM STM1303	Salmonella typhimurium (strain LT2 / SGSC1412 / ATCC 700720)	408
P56744	DAT_ACIBA	reviewed	2.6.1.76	,Diaminobutyrate--2-oxoglutarate aminotransferase (EC 2.6.1.76) (Diaminobutyrate transaminase) (L-2,,4-diaminobutyrate:2-ketoglutarate 4-aminotransferase) (DABA aminotransferase) (DABA-AT) (L-diaminobutyric acid transaminase),	dat	Acinetobacter baumannii	445
Q9PIR7	ARGD_CAMJE	reviewed	2.6.1.11	Acetylornithine aminotransferase (ACOAT) (EC 2.6.1.11)	argD Cj0227	Campylobacter jejuni subsp. jejuni serotype O:2 (strain ATCC 700819 / NCTC 11168)	393
Q4H4F5	BTRB_BACCI	reviewed	2.6.1.93	Neamine transaminase BtrB (EC 2.6.1.93) (Butirosin biosynthesis protein B)	btrB	Bacillus circulans	432
Q7NPI4	GSA_GLOVI	reviewed	5.4.3.8	,Glutamate-1-semialdehyde 2,,1-aminomutase (GSA) (EC 5.4.3.8) (Glutamate-1-semialdehyde aminotransferase) (GSA-AT),	hemL glr0071	Gloeobacter violaceus (strain PCC 7421)	432
A9WIS7	GSA_CHLAA	reviewed	5.4.3.8	,Glutamate-1-semialdehyde 2,,1-aminomutase (GSA) (EC 5.4.3.8) (Glutamate-1-semialdehyde aminotransferase) (GSA-AT),	hemL Caur_2598	Chloroflexus aurantiacus (strain ATCC 29366 / DSM 635 / J-10-fl)	443
Q8KAQ7	GSA_CHLTE	reviewed	5.4.3.8	,Glutamate-1-semialdehyde 2,,1-aminomutase (GSA) (EC 5.4.3.8) (Glutamate-1-semialdehyde aminotransferase) (GSA-AT),	hemL CT2099	Chlorobium tepidum (strain ATCC 49652 / DSM 12025 / NBRC 103806 / TLS)	431
B0JPW6	GSA_MICAN	reviewed	5.4.3.8	,Glutamate-1-semialdehyde 2,,1-aminomutase (GSA) (EC 5.4.3.8) (Glutamate-1-semialdehyde aminotransferase) (GSA-AT),	hemL MAE_38680	Microcystis aeruginosa (strain NIES-843)	433
B2J7M9	GSA_NOSP7	reviewed	5.4.3.8	,Glutamate-1-semialdehyde 2,,1-aminomutase (GSA) (EC 5.4.3.8) (Glutamate-1-semialdehyde aminotransferase) (GSA-AT),	hemL Npun_R4096	Nostoc punctiforme (strain ATCC 29133 / PCC 73102)	432
Q81M98	ARGD_BACAN	reviewed	2.6.1.11	Acetylornithine aminotransferase (ACOAT) (EC 2.6.1.11)	argD BA_4352 GBAA_4352 BAS4037	Bacillus anthracis	386
Q7VDA1	GSA_PROMA	reviewed	5.4.3.8	,Glutamate-1-semialdehyde 2,,1-aminomutase (GSA) (EC 5.4.3.8) (Glutamate-1-semialdehyde aminotransferase) (GSA-AT),	hemL Pro_0482	Prochlorococcus marinus (strain SARG / CCMP1375 / SS120)	433
A2BPW6	GSA_PROMS	reviewed	5.4.3.8	,Glutamate-1-semialdehyde 2,,1-aminomutase (GSA) (EC 5.4.3.8) (Glutamate-1-semialdehyde aminotransferase) (GSA-AT),	hemL A9601_05391	Prochlorococcus marinus (strain AS9601)	433
B3EI07	GSA_CHLL2	reviewed	5.4.3.8	,Glutamate-1-semialdehyde 2,,1-aminomutase (GSA) (EC 5.4.3.8) (Glutamate-1-semialdehyde aminotransferase) (GSA-AT),	hemL Clim_2394	Chlorobium limicola (strain DSM 245 / NBRC 103803 / 6330)	431
B4S3Q6	GSA_PROA2	reviewed	5.4.3.8	,Glutamate-1-semialdehyde 2,,1-aminomutase (GSA) (EC 5.4.3.8) (Glutamate-1-semialdehyde aminotransferase) (GSA-AT),	hemL Paes_0193	Prosthecochloris aestuarii (strain DSM 271 / SK 413)	431
Q2JS70	GSA_SYNJA	reviewed	5.4.3.8	,Glutamate-1-semialdehyde 2,,1-aminomutase (GSA) (EC 5.4.3.8) (Glutamate-1-semialdehyde aminotransferase) (GSA-AT),	hemL CYA_2386	Synechococcus sp. (strain JA-3-3Ab) (Cyanobacteria bacterium Yellowstone A-Prime)	436
A3PBK8	GSA_PROM0	reviewed	5.4.3.8	,Glutamate-1-semialdehyde 2,,1-aminomutase (GSA) (EC 5.4.3.8) (Glutamate-1-semialdehyde aminotransferase) (GSA-AT),	hemL P9301_05101	Prochlorococcus marinus (strain MIT 9301)	433
B3QSA6	GSA_CHLT3	reviewed	5.4.3.8	,Glutamate-1-semialdehyde 2,,1-aminomutase (GSA) (EC 5.4.3.8) (Glutamate-1-semialdehyde aminotransferase) (GSA-AT),	hemL Ctha_0025	Chloroherpeton thalassium (strain ATCC 35110 / GB-78)	432
Q2JMP7	GSA_SYNJB	reviewed	5.4.3.8	,Glutamate-1-semialdehyde 2,,1-aminomutase (GSA) (EC 5.4.3.8) (Glutamate-1-semialdehyde aminotransferase) (GSA-AT),	hemL CYB_1012	Synechococcus sp. (strain JA-2-3B'a(2-13)) (Cyanobacteria bacterium Yellowstone B-Prime)	436
A5GMT2	GSA_SYNPW	reviewed	5.4.3.8	,Glutamate-1-semialdehyde 2,,1-aminomutase (GSA) (EC 5.4.3.8) (Glutamate-1-semialdehyde aminotransferase) (GSA-AT),	hemL SynWH7803_1821	Synechococcus sp. (strain WH7803)	433
Q110Z9	GSA_TRIEI	reviewed	5.4.3.8	,Glutamate-1-semialdehyde 2,,1-aminomutase (GSA) (EC 5.4.3.8) (Glutamate-1-semialdehyde aminotransferase) (GSA-AT),	hemL Tery_2741	Trichodesmium erythraeum (strain IMS101)	432
A1BJG8	GSA_CHLPD	reviewed	5.4.3.8	,Glutamate-1-semialdehyde 2,,1-aminomutase (GSA) (EC 5.4.3.8) (Glutamate-1-semialdehyde aminotransferase) (GSA-AT),	hemL Cpha266_2557	Chlorobium phaeobacteroides (strain DSM 266)	431
B7KA18	GSA_CYAP7	reviewed	5.4.3.8	,Glutamate-1-semialdehyde 2,,1-aminomutase (GSA) (EC 5.4.3.8) (Glutamate-1-semialdehyde aminotransferase) (GSA-AT),	hemL PCC7424_2971	Cyanothece sp. (strain PCC 7424) (Synechococcus sp. (strain ATCC 29155))	433
B4SGW1	GSA_PELPB	reviewed	5.4.3.8	,Glutamate-1-semialdehyde 2,,1-aminomutase (GSA) (EC 5.4.3.8) (Glutamate-1-semialdehyde aminotransferase) (GSA-AT),	hemL Ppha_2800	Pelodictyon phaeoclathratiforme (strain DSM 5477 / BU-1)	431
B8G822	GSA_CHLAD	reviewed	5.4.3.8	,Glutamate-1-semialdehyde 2,,1-aminomutase (GSA) (EC 5.4.3.8) (Glutamate-1-semialdehyde aminotransferase) (GSA-AT),	hemL Cagg_1293	Chloroflexus aggregans (strain MD-66 / DSM 9485)	438
B3EKJ7	GSA_CHLPB	reviewed	5.4.3.8	,Glutamate-1-semialdehyde 2,,1-aminomutase (GSA) (EC 5.4.3.8) (Glutamate-1-semialdehyde aminotransferase) (GSA-AT),	hemL Cphamn1_0202	Chlorobium phaeobacteroides (strain BS1)	431
A2SKQ7	GSA_METPP	reviewed	5.4.3.8	,Glutamate-1-semialdehyde 2,,1-aminomutase (GSA) (EC 5.4.3.8) (Glutamate-1-semialdehyde aminotransferase) (GSA-AT),	hemL Mpe_A3193	Methylibium petroleiphilum (strain ATCC BAA-1232 / LMG 22953 / PM1)	436
A2C0U2	GSA_PROM1	reviewed	5.4.3.8	,Glutamate-1-semialdehyde 2,,1-aminomutase (GSA) (EC 5.4.3.8) (Glutamate-1-semialdehyde aminotransferase) (GSA-AT),	hemL NATL1_05401	Prochlorococcus marinus (strain NATL1A)	428
A9BEA5	GSA_PROM4	reviewed	5.4.3.8	,Glutamate-1-semialdehyde 2,,1-aminomutase (GSA) (EC 5.4.3.8) (Glutamate-1-semialdehyde aminotransferase) (GSA-AT),	hemL P9211_04841	Prochlorococcus marinus (strain MIT 9211)	432
A7NKV1	GSA_ROSCS	reviewed	5.4.3.8	,Glutamate-1-semialdehyde 2,,1-aminomutase (GSA) (EC 5.4.3.8) (Glutamate-1-semialdehyde aminotransferase) (GSA-AT),	hemL Rcas_2033	Roseiflexus castenholzii (strain DSM 13941 / HLO8)	434
Q3M3B9	GSA_ANAVT	reviewed	5.4.3.8	,Glutamate-1-semialdehyde 2,,1-aminomutase (GSA) (EC 5.4.3.8) (Glutamate-1-semialdehyde aminotransferase) (GSA-AT),	hemL Ava_4920	Anabaena variabilis (strain ATCC 29413 / PCC 7937)	432
Q7V2J3	GSA_PROMP	reviewed	5.4.3.8	,Glutamate-1-semialdehyde 2,,1-aminomutase (GSA) (EC 5.4.3.8) (Glutamate-1-semialdehyde aminotransferase) (GSA-AT),	hemL PMM0483	Prochlorococcus marinus subsp. pastoris (strain CCMP1986 / NIES-2087 / MED4)	433
A5UU40	GSA_ROSS1	reviewed	5.4.3.8	,Glutamate-1-semialdehyde 2,,1-aminomutase (GSA) (EC 5.4.3.8) (Glutamate-1-semialdehyde aminotransferase) (GSA-AT),	hemL RoseRS_1753	Roseiflexus sp. (strain RS-1)	427
Q3AP59	GSA_CHLCH	reviewed	5.4.3.8	,Glutamate-1-semialdehyde 2,,1-aminomutase (GSA) (EC 5.4.3.8) (Glutamate-1-semialdehyde aminotransferase) (GSA-AT),	hemL Cag_1968	Chlorobium chlorochromatii (strain CaD3)	431
Q3B1A1	GSA_CHLL7	reviewed	5.4.3.8	,Glutamate-1-semialdehyde 2,,1-aminomutase (GSA) (EC 5.4.3.8) (Glutamate-1-semialdehyde aminotransferase) (GSA-AT),	hemL Plut_2038	Chlorobium luteolum (strain DSM 273 / 2530) (Pelodictyon luteolum)	431
B8HYK1	GSA_CYAP4	reviewed	5.4.3.8	,Glutamate-1-semialdehyde 2,,1-aminomutase (GSA) (EC 5.4.3.8) (Glutamate-1-semialdehyde aminotransferase) (GSA-AT),	hemL Cyan7425_4345	Cyanothece sp. (strain PCC 7425 / ATCC 29141)	432
B0CC57	GSA_ACAM1	reviewed	5.4.3.8	,Glutamate-1-semialdehyde 2,,1-aminomutase (GSA) (EC 5.4.3.8) (Glutamate-1-semialdehyde aminotransferase) (GSA-AT),	hemL AM1_0549	Acaryochloris marina (strain MBIC 11017)	432
A8G3J9	GSA_PROM2	reviewed	5.4.3.8	,Glutamate-1-semialdehyde 2,,1-aminomutase (GSA) (EC 5.4.3.8) (Glutamate-1-semialdehyde aminotransferase) (GSA-AT),	hemL P9215_05651	Prochlorococcus marinus (strain MIT 9215)	433
Q31C50	GSA_PROM9	reviewed	5.4.3.8	,Glutamate-1-semialdehyde 2,,1-aminomutase (GSA) (EC 5.4.3.8) (Glutamate-1-semialdehyde aminotransferase) (GSA-AT),	hemL PMT9312_0484	Prochlorococcus marinus (strain MIT 9312)	434
B3QRD2	GSA_CHLP8	reviewed	5.4.3.8	,Glutamate-1-semialdehyde 2,,1-aminomutase (GSA) (EC 5.4.3.8) (Glutamate-1-semialdehyde aminotransferase) (GSA-AT),	hemL Cpar_0149	Chlorobaculum parvum (strain NCIB 8327) (Chlorobium vibrioforme subsp. thiosulfatophilum (strain DSM 263 / NCIB 8327))	431
A4SGT2	GSA_CHLPM	reviewed	5.4.3.8	,Glutamate-1-semialdehyde 2,,1-aminomutase (GSA) (EC 5.4.3.8) (Glutamate-1-semialdehyde aminotransferase) (GSA-AT),	hemL Cvib_1681	Chlorobium phaeovibrioides (strain DSM 265 / 1930) (Prosthecochloris vibrioformis (strain DSM 265))	431
Q7VMS5	ARGD_HAEDU	reviewed	2.6.1.11	Acetylornithine aminotransferase (ACOAT) (EC 2.6.1.11)	argD HD_0892	Haemophilus ducreyi (strain 35000HP / ATCC 700724)	393
Q7VAS9	ARGD_PROMA	reviewed	2.6.1.11	Acetylornithine aminotransferase (ACOAT) (EC 2.6.1.11)	argD Pro_1375	Prochlorococcus marinus (strain SARG / CCMP1375 / SS120)	419
Q8CSG1	ARGD_STAES	reviewed	2.6.1.11	Acetylornithine aminotransferase (ACOAT) (EC 2.6.1.11)	argD SE_1209	Staphylococcus epidermidis (strain ATCC 12228)	375
B1XIT5	GSA_SYNP2	reviewed	5.4.3.8	,Glutamate-1-semialdehyde 2,,1-aminomutase (GSA) (EC 5.4.3.8) (Glutamate-1-semialdehyde aminotransferase) (GSA-AT),	hemL SYNPCC7002_A2206	Synechococcus sp. (strain ATCC 27264 / PCC 7002 / PR-6) (Agmenellum quadruplicatum)	432
B0TFV0	GSA_HELMI	reviewed	5.4.3.8	,Glutamate-1-semialdehyde 2,,1-aminomutase (GSA) (EC 5.4.3.8) (Glutamate-1-semialdehyde aminotransferase) (GSA-AT),	hemL Helmi_19050 HM1_1972	Heliobacterium modesticaldum (strain ATCC 51547 / Ice1)	436
B7K2I1	GSA_CYAP8	reviewed	5.4.3.8	,Glutamate-1-semialdehyde 2,,1-aminomutase (GSA) (EC 5.4.3.8) (Glutamate-1-semialdehyde aminotransferase) (GSA-AT),	hemL PCC8801_2361	Cyanothece sp. (strain PCC 8801) (Synechococcus sp. (strain PCC 8801 / RF-1))	433
Q7V677	GSA_PROMM	reviewed	5.4.3.8	,Glutamate-1-semialdehyde 2,,1-aminomutase (GSA) (EC 5.4.3.8) (Glutamate-1-semialdehyde aminotransferase) (GSA-AT),	hemL PMT_1296	Prochlorococcus marinus (strain MIT 9313)	428
Q7U598	GSA_SYNPX	reviewed	5.4.3.8	,Glutamate-1-semialdehyde 2,,1-aminomutase (GSA) (EC 5.4.3.8) (Glutamate-1-semialdehyde aminotransferase) (GSA-AT),	hemL SYNW1809	Synechococcus sp. (strain WH8102)	428
Q0I8G1	GSA_SYNS3	reviewed	5.4.3.8	,Glutamate-1-semialdehyde 2,,1-aminomutase (GSA) (EC 5.4.3.8) (Glutamate-1-semialdehyde aminotransferase) (GSA-AT),	hemL sync_2058	Synechococcus sp. (strain CC9311)	438
A5GUJ2	GSA_SYNR3	reviewed	5.4.3.8	,Glutamate-1-semialdehyde 2,,1-aminomutase (GSA) (EC 5.4.3.8) (Glutamate-1-semialdehyde aminotransferase) (GSA-AT),	hemL SynRCC307_1648	Synechococcus sp. (strain RCC307)	434
Q3ALU9	GSA_SYNSC	reviewed	5.4.3.8	,Glutamate-1-semialdehyde 2,,1-aminomutase (GSA) (EC 5.4.3.8) (Glutamate-1-semialdehyde aminotransferase) (GSA-AT),	hemL Syncc9605_0659	Synechococcus sp. (strain CC9605)	428
Q7V0G0	ARGD_PROMP	reviewed	2.6.1.11	Acetylornithine aminotransferase (ACOAT) (EC 2.6.1.11)	argD PMM1301	Prochlorococcus marinus subsp. pastoris (strain CCMP1986 / NIES-2087 / MED4)	415
P9WPZ6	ARGD_MYCTO	reviewed	2.6.1.11	Acetylornithine aminotransferase (ACOAT) (EC 2.6.1.11)	argD MT1693	Mycobacterium tuberculosis (strain CDC 1551 / Oshkosh)	400
Q46GT9	GSA_PROMT	reviewed	5.4.3.8	,Glutamate-1-semialdehyde 2,,1-aminomutase (GSA) (EC 5.4.3.8) (Glutamate-1-semialdehyde aminotransferase) (GSA-AT),	hemL PMN2A_1816	Prochlorococcus marinus (strain NATL2A)	432
A2C7I7	GSA_PROM3	reviewed	5.4.3.8	,Glutamate-1-semialdehyde 2,,1-aminomutase (GSA) (EC 5.4.3.8) (Glutamate-1-semialdehyde aminotransferase) (GSA-AT),	hemL P9303_06961	Prochlorococcus marinus (strain MIT 9303)	428
P36839	ARGD_BACSU	reviewed	2.6.1.11	Acetylornithine aminotransferase (ACOAT) (EC 2.6.1.11)	argD BSU11220	Bacillus subtilis (strain 168)	385
Q7MAE6	ARGD_WOLSU	reviewed	2.6.1.11	Acetylornithine aminotransferase (ACOAT) (EC 2.6.1.11)	argD WS0302	Wolinella succinogenes (strain ATCC 29543 / DSM 1740 / LMG 7466 / NCTC 11488 / FDC 602W) (Vibrio succinogenes)	393
B9LKS0	GSA_CHLSY	reviewed	5.4.3.8	,Glutamate-1-semialdehyde 2,,1-aminomutase (GSA) (EC 5.4.3.8) (Glutamate-1-semialdehyde aminotransferase) (GSA-AT),	hemL Chy400_2807	Chloroflexus aurantiacus (strain ATCC 29364 / DSM 637 / Y-400-fl)	443
Q89VE9	ARGD1_BRADU	reviewed	2.6.1.11	Acetylornithine aminotransferase 1 (ACOAT 1) (EC 2.6.1.11)	argD1 blr1098	Bradyrhizobium diazoefficiens (strain JCM 10833 / IAM 13628 / NBRC 14792 / USDA 110)	405
Q7W7H6	ARGD1_BORPA	reviewed	2.6.1.11	Acetylornithine aminotransferase 1 (ACOAT 1) (EC 2.6.1.11)	argD1 BPP2543	Bordetella parapertussis (strain 12822 / ATCC BAA-587 / NCTC 13253)	393
Q885K0	ARGD1_PSESM	reviewed	2.6.1.11	Acetylornithine aminotransferase 1 (ACOAT 1) (EC 2.6.1.11)	argD1 PSPTO_1832	Pseudomonas syringae pv. tomato (strain ATCC BAA-871 / DC3000)	405
Q89LG2	ARGD2_BRADU	reviewed	2.6.1.11	Acetylornithine aminotransferase 2 (ACOAT 2) (EC 2.6.1.11)	argD2 blr4582	Bradyrhizobium diazoefficiens (strain JCM 10833 / IAM 13628 / NBRC 14792 / USDA 110)	398
Q8Y6U4	ARGD_LISMO	reviewed	2.6.1.11	Acetylornithine aminotransferase (ACOAT) (EC 2.6.1.11)	argD lmo1588	Listeria monocytogenes serovar 1/2a (strain ATCC BAA-679 / EGD-e)	386
Q9L1A4	ARGD_STRCO	reviewed	2.6.1.11	Acetylornithine aminotransferase (ACOAT) (EC 2.6.1.11)	argD SCO1577 SCL24.13c	Streptomyces coelicolor (strain ATCC BAA-471 / A3(2) / M145)	402
P59320	ARGD_SHEON	reviewed	2.6.1.11	Acetylornithine aminotransferase (ACOAT) (EC 2.6.1.11)	argD SO_0617	Shewanella oneidensis (strain MR-1)	405
Q8EHC8	GSA_SHEON	reviewed	5.4.3.8	,Glutamate-1-semialdehyde 2,,1-aminomutase (GSA) (EC 5.4.3.8) (Glutamate-1-semialdehyde aminotransferase) (GSA-AT),	hemL SO_1300	Shewanella oneidensis (strain MR-1)	430
Q9KU97	GSA_VIBCH	reviewed	5.4.3.8	,Glutamate-1-semialdehyde 2,,1-aminomutase (GSA) (EC 5.4.3.8) (Glutamate-1-semialdehyde aminotransferase) (GSA-AT),	hemL VC_0626	Vibrio cholerae serotype O1 (strain ATCC 39315 / El Tor Inaba N16961)	432
Q9AAL3	ARGD1_CAUCR	reviewed	2.6.1.11	Acetylornithine aminotransferase 1 (ACOAT 1) (EC 2.6.1.11)	argD1 argM CC_0584	Caulobacter crescentus (strain ATCC 19089 / CB15)	392
Q9KNW2	ARGD_VIBCH	reviewed	2.6.1.11	Acetylornithine aminotransferase (ACOAT) (EC 2.6.1.11)	argD VC_2618	Vibrio cholerae serotype O1 (strain ATCC 39315 / El Tor Inaba N16961)	403
P73133	ARGD_SYNY3	reviewed	2.6.1.11	Acetylornithine aminotransferase (ACOAT) (EC 2.6.1.11)	argD slr1022	Synechocystis sp. (strain PCC 6803 / Kazusa)	429
Q8P5Q4	ARGD_XANCP	reviewed	2.6.1.11	Acetylornithine aminotransferase (ACOAT) (EC 2.6.1.11)	argD XCC3282	Xanthomonas campestris pv. campestris (strain ATCC 33913 / DSM 3586 / NCPPB 528 / LMG 568 / P 25)	408
P24087	ARGD_LEPIN	reviewed	2.6.1.11	Acetylornithine aminotransferase (ACOAT) (EC 2.6.1.11)	argD LA_2153	Leptospira interrogans serogroup Icterohaemorrhagiae serovar Lai (strain 56601)	406
Q9ZEU7	ECTB_CHRSD	reviewed	2.6.1.76	,Diaminobutyrate--2-oxoglutarate transaminase (EC 2.6.1.76) (DABA aminotransferase) (Diaminobutyrate--2-oxoglutarate aminotransferase) (L-2,,4-diaminobutyric acid transaminase),	ectB Csal_1877	Chromohalobacter salexigens (strain DSM 3043 / ATCC BAA-138 / NCIMB 13768)	423
Q8X4V5	GSA_ECO57	reviewed	5.4.3.8	,Glutamate-1-semialdehyde 2,,1-aminomutase (GSA) (EC 5.4.3.8) (Glutamate-1-semialdehyde aminotransferase) (GSA-AT),	hemL gsa popC Z0165 ECs0158	Escherichia coli O157:H7	426
Q8FL16	GSA_ECOL6	reviewed	5.4.3.8	,Glutamate-1-semialdehyde 2,,1-aminomutase (GSA) (EC 5.4.3.8) (Glutamate-1-semialdehyde aminotransferase) (GSA-AT),	hemL gsa popC c0189	Escherichia coli O6:H1 (strain CFT073 / ATCC 700928 / UPEC)	426
P30949	GSA_BACSU	reviewed	5.4.3.8	,Glutamate-1-semialdehyde 2,,1-aminomutase (GSA) (EC 5.4.3.8) (Glutamate-1-semialdehyde aminotransferase) (GSA-AT),	hemL hemK BSU28120	Bacillus subtilis (strain 168)	430
Q725I1	GSA_DESVH	reviewed	5.4.3.8	,Glutamate-1-semialdehyde 2,,1-aminomutase (GSA) (EC 5.4.3.8) (Glutamate-1-semialdehyde aminotransferase) (GSA-AT),	hemL DVU_3168	Desulfovibrio vulgaris (strain Hildenborough / ATCC 29579 / DSM 644 / NCIMB 8303)	423
Q9KLC2	ECTB_VIBCH	reviewed	2.6.1.76	,Diaminobutyrate--2-oxoglutarate transaminase (EC 2.6.1.76) (DABA aminotransferase) (Diaminobutyrate--2-oxoglutarate aminotransferase) (L-2,,4-diaminobutyric acid transaminase),	ectB VC_A0824	Vibrio cholerae serotype O1 (strain ATCC 39315 / El Tor Inaba N16961)	411
P30900	ARGD_RHOCB	reviewed	2.6.1.11	Acetylornithine aminotransferase (ACOAT) (EC 2.6.1.11)	argD RCAP_rcc03135	Rhodobacter capsulatus (strain ATCC BAA-309 / NBRC 16581 / SB1003)	393
Q9RWW0	GSA_DEIRA	reviewed	5.4.3.8	,Glutamate-1-semialdehyde 2,,1-aminomutase (GSA) (EC 5.4.3.8) (Glutamate-1-semialdehyde aminotransferase) (GSA-AT),	hemL DR_0555	Deinococcus radiodurans (strain ATCC 13939 / DSM 20539 / JCM 16871 / LMG 4051 / NBRC 15346 / NCIMB 9279 / R1 / VKM B-1422)	444
Q9AP34	ECTB_SPOPA	reviewed	2.6.1.76	,Diaminobutyrate--2-oxoglutarate transaminase (EC 2.6.1.76) (DABA aminotransferase) (Diaminobutyrate--2-oxoglutarate aminotransferase) (L-2,,4-diaminobutyric acid transaminase),	ectB	Sporosarcina pasteurii (Bacillus pasteurii)	426
A0QR33	GSA_MYCS2	reviewed	5.4.3.8	,Glutamate-1-semialdehyde 2,,1-aminomutase (GSA) (EC 5.4.3.8) (Glutamate-1-semialdehyde aminotransferase) (GSA-AT),	hemL MSMEG_0969 MSMEI_0943	Mycobacterium smegmatis (strain ATCC 700084 / mc(2)155)	451
B7GIK0	GSA1_ANOFW	reviewed	5.4.3.8	,Glutamate-1-semialdehyde 2,,1-aminomutase 1 (GSA 1) (EC 5.4.3.8) (Glutamate-1-semialdehyde aminotransferase 1) (GSA-AT 1),	hemL1 Aflv_0363	Anoxybacillus flavithermus (strain DSM 21510 / WK1)	431
B7GH35	GSA2_ANOFW	reviewed	5.4.3.8	,Glutamate-1-semialdehyde 2,,1-aminomutase 2 (GSA 2) (EC 5.4.3.8) (Glutamate-1-semialdehyde aminotransferase 2) (GSA-AT 2),	hemL2 Aflv_0610	Anoxybacillus flavithermus (strain DSM 21510 / WK1)	431
Q2G283	GSA2_STAA8	reviewed	5.4.3.8	,Glutamate-1-semialdehyde 2,,1-aminomutase 2 (GSA 2) (EC 5.4.3.8) (Glutamate-1-semialdehyde aminotransferase 2) (GSA-AT 2),	hemL2 SAOUHSC_02000	Staphylococcus aureus (strain NCTC 8325)	429
A8ALD5	GSA_CITK8	reviewed	5.4.3.8	,Glutamate-1-semialdehyde 2,,1-aminomutase (GSA) (EC 5.4.3.8) (Glutamate-1-semialdehyde aminotransferase) (GSA-AT),	hemL CKO_03214	Citrobacter koseri (strain ATCC BAA-895 / CDC 4225-83 / SGSC4696)	426
Q5ZVA6	GSA_LEGPH	reviewed	5.4.3.8	,Glutamate-1-semialdehyde 2,,1-aminomutase (GSA) (EC 5.4.3.8) (Glutamate-1-semialdehyde aminotransferase) (GSA-AT),	hemL lpg1534	Legionella pneumophila subsp. pneumophila (strain Philadelphia 1 / ATCC 33152 / DSM 7513)	429
Q2S1S3	GSA_SALRD	reviewed	5.4.3.8	,Glutamate-1-semialdehyde 2,,1-aminomutase (GSA) (EC 5.4.3.8) (Glutamate-1-semialdehyde aminotransferase) (GSA-AT),	hemL SRU_1740	Salinibacter ruber (strain DSM 13855 / M31)	438
A7MUU9	GSA_VIBCB	reviewed	5.4.3.8	,Glutamate-1-semialdehyde 2,,1-aminomutase (GSA) (EC 5.4.3.8) (Glutamate-1-semialdehyde aminotransferase) (GSA-AT),	hemL VIBHAR_03417	Vibrio campbellii (strain ATCC BAA-1116 / BB120)	431
Q4L7G9	GSA1_STAHJ	reviewed	5.4.3.8	,Glutamate-1-semialdehyde 2,,1-aminomutase 1 (GSA 1) (EC 5.4.3.8) (Glutamate-1-semialdehyde aminotransferase 1) (GSA-AT 1),	hemL1 SH1097	Staphylococcus haemolyticus (strain JCSC1435)	429
A4FPX3	GSA_SACEN	reviewed	5.4.3.8	,Glutamate-1-semialdehyde 2,,1-aminomutase (GSA) (EC 5.4.3.8) (Glutamate-1-semialdehyde aminotransferase) (GSA-AT),	hemL SACE_6935	Saccharopolyspora erythraea (strain ATCC 11635 / DSM 40517 / JCM 4748 / NBRC 13426 / NCIMB 8594 / NRRL 2338)	448
Q7MHY9	GSA_VIBVY	reviewed	5.4.3.8	,Glutamate-1-semialdehyde 2,,1-aminomutase (GSA) (EC 5.4.3.8) (Glutamate-1-semialdehyde aminotransferase) (GSA-AT),	hemL VV2728	Vibrio vulnificus (strain YJ016)	431
Q1IWZ8	GSA_DEIGD	reviewed	5.4.3.8	,Glutamate-1-semialdehyde 2,,1-aminomutase (GSA) (EC 5.4.3.8) (Glutamate-1-semialdehyde aminotransferase) (GSA-AT),	hemL Dgeo_1942	Deinococcus geothermalis (strain DSM 11300)	446
A5WC94	GSA_PSYWF	reviewed	5.4.3.8	,Glutamate-1-semialdehyde 2,,1-aminomutase (GSA) (EC 5.4.3.8) (Glutamate-1-semialdehyde aminotransferase) (GSA-AT),	hemL PsycPRwf_0330	Psychrobacter sp. (strain PRwf-1)	434
P0C2D9	GSA_CLOPE	reviewed	5.4.3.8	,Glutamate-1-semialdehyde 2,,1-aminomutase (GSA) (EC 5.4.3.8) (Glutamate-1-semialdehyde aminotransferase) (GSA-AT),	hemL CPE1432	Clostridium perfringens (strain 13 / Type A)	425
B9DZG0	GSA_CLOK1	reviewed	5.4.3.8	,Glutamate-1-semialdehyde 2,,1-aminomutase (GSA) (EC 5.4.3.8) (Glutamate-1-semialdehyde aminotransferase) (GSA-AT),	hemL CKR_0584	Clostridium kluyveri (strain NBRC 12016)	422
B2SKS0	GSA_XANOP	reviewed	5.4.3.8	,Glutamate-1-semialdehyde 2,,1-aminomutase (GSA) (EC 5.4.3.8) (Glutamate-1-semialdehyde aminotransferase) (GSA-AT),	hemL PXO_02277	Xanthomonas oryzae pv. oryzae (strain PXO99A)	429
A3NCF3	GSA_BURP6	reviewed	5.4.3.8	,Glutamate-1-semialdehyde 2,,1-aminomutase (GSA) (EC 5.4.3.8) (Glutamate-1-semialdehyde aminotransferase) (GSA-AT),	hemL BURPS668_3011	Burkholderia pseudomallei (strain 668)	427
Q9CC12	ARGD_MYCLE	reviewed	2.6.1.11	Acetylornithine aminotransferase (ACOAT) (EC 2.6.1.11)	argD ML1409	Mycobacterium leprae (strain TN)	404
Q9JYY4	ARGD_NEIMB	reviewed	2.6.1.11	Acetylornithine aminotransferase (ACOAT) (EC 2.6.1.11)	argD NMB1371	Neisseria meningitidis serogroup B (strain MC58)	398
P59316	ARGD_CHLTE	reviewed	2.6.1.11	Acetylornithine aminotransferase (ACOAT) (EC 2.6.1.11)	argD CT0367	Chlorobium tepidum (strain ATCC 49652 / DSM 12025 / NBRC 103806 / TLS)	400
Q5H3I5	GSA_XANOR	reviewed	5.4.3.8	,Glutamate-1-semialdehyde 2,,1-aminomutase (GSA) (EC 5.4.3.8) (Glutamate-1-semialdehyde aminotransferase) (GSA-AT),	hemL XOO1232	Xanthomonas oryzae pv. oryzae (strain KACC10331 / KXO85)	429
Q8Y6J9	GSA2_LISMO	reviewed	5.4.3.8	,Glutamate-1-semialdehyde 2,,1-aminomutase 2 (GSA 2) (EC 5.4.3.8) (Glutamate-1-semialdehyde aminotransferase 2) (GSA-AT 2),	hemL2 gsaB lmo1685	Listeria monocytogenes serovar 1/2a (strain ATCC BAA-679 / EGD-e)	432
Q3JPN1	GSA_BURP1	reviewed	5.4.3.8	,Glutamate-1-semialdehyde 2,,1-aminomutase (GSA) (EC 5.4.3.8) (Glutamate-1-semialdehyde aminotransferase) (GSA-AT),	hemL BURPS1710b_3099	Burkholderia pseudomallei (strain 1710b)	427
O66998	GSA_AQUAE	reviewed	5.4.3.8	,Glutamate-1-semialdehyde 2,,1-aminomutase (GSA) (EC 5.4.3.8) (Glutamate-1-semialdehyde aminotransferase) (GSA-AT),	hemL gsa aq_816	Aquifex aeolicus (strain VF5)	424
A3MMQ8	GSA_BURM7	reviewed	5.4.3.8	,Glutamate-1-semialdehyde 2,,1-aminomutase (GSA) (EC 5.4.3.8) (Glutamate-1-semialdehyde aminotransferase) (GSA-AT),	hemL BMA10247_2012	Burkholderia mallei (strain NCTC 10247)	427
P46716	GSA_MYCLE	reviewed	5.4.3.8	,Glutamate-1-semialdehyde 2,,1-aminomutase (GSA) (EC 5.4.3.8) (Glutamate-1-semialdehyde aminotransferase) (GSA-AT),	hemL gsa ML2414 B2168_C1_190	Mycobacterium leprae (strain TN)	446
Q882K8	ARGD2_PSESM	reviewed	2.6.1.11	Acetylornithine aminotransferase 2 (ACOAT 2) (EC 2.6.1.11)	argD2 PSPTO_2618	Pseudomonas syringae pv. tomato (strain ATCC BAA-871 / DC3000)	400
Q9CHD3	ARGD_LACLA	reviewed	2.6.1.11	Acetylornithine aminotransferase (ACOAT) (EC 2.6.1.11)	argD LL0799 L0106	Lactococcus lactis subsp. lactis (strain IL1403) (Streptococcus lactis)	377
A1V1L0	GSA_BURMS	reviewed	5.4.3.8	,Glutamate-1-semialdehyde 2,,1-aminomutase (GSA) (EC 5.4.3.8) (Glutamate-1-semialdehyde aminotransferase) (GSA-AT),	hemL BMASAVP1_A0768	Burkholderia mallei (strain SAVP1)	427
P59322	ARGD_THEEB	reviewed	2.6.1.11	Acetylornithine aminotransferase (ACOAT) (EC 2.6.1.11)	argD tlr1328	Thermosynechococcus elongatus (strain BP-1)	412
Q8UI71	ARGD_AGRFC	reviewed	2.6.1.11	Acetylornithine aminotransferase (ACOAT) (EC 2.6.1.11)	argD Atu0428 AGR_C_752	Agrobacterium fabrum (strain C58 / ATCC 33970) (Agrobacterium tumefaciens (strain C58))	399
P59315	ARGD_BIFLO	reviewed	2.6.1.11	Acetylornithine aminotransferase (ACOAT) (EC 2.6.1.11)	argD BL1061	Bifidobacterium longum (strain NCC 2705)	431
Q9K8V5	ARGD_BACHD	reviewed	2.6.1.11	Acetylornithine aminotransferase (ACOAT) (EC 2.6.1.11)	argD BH2897	Bacillus halodurans (strain ATCC BAA-125 / DSM 18197 / FERM 7344 / JCM 9153 / C-125)	384
P63566	ARGD_BRUME	reviewed	2.6.1.11	Acetylornithine aminotransferase (ACOAT) (EC 2.6.1.11)	argD BMEI1621	Brucella melitensis biotype 1 (strain 16M / ATCC 23456 / NCTC 10094)	403
Q99T15	GSA2_STAAM	reviewed	5.4.3.8	,Glutamate-1-semialdehyde 2,,1-aminomutase 2 (GSA 2) (EC 5.4.3.8) (Glutamate-1-semialdehyde aminotransferase 2) (GSA-AT 2),	hemL2 gsaB SAV1864	Staphylococcus aureus (strain Mu50 / ATCC 700699)	429
Q2FXR4	GSA1_STAA8	reviewed	5.4.3.8	,Glutamate-1-semialdehyde 2,,1-aminomutase 1 (GSA 1) (EC 5.4.3.8) (Glutamate-1-semialdehyde aminotransferase 1) (GSA-AT 1),	hemL1 hemL SAOUHSC_01771	Staphylococcus aureus (strain NCTC 8325)	428
Q7VTJ7	ARGD1_BORPE	reviewed	2.6.1.11	Acetylornithine aminotransferase 1 (ACOAT 1) (EC 2.6.1.11)	argD1 BP3539	Bordetella pertussis (strain Tohama I / ATCC BAA-589 / NCTC 13251)	393
Q9A652	ARGD2_CAUCR	reviewed	2.6.1.11	Acetylornithine aminotransferase 2 (ACOAT 2) (EC 2.6.1.11)	argD2 CC_2243	Caulobacter crescentus (strain ATCC 19089 / CB15)	405
Q97GH9	ARGD_CLOAB	reviewed	2.6.1.11	Acetylornithine aminotransferase (ACOAT) (EC 2.6.1.11)	argD CA_C2388	Clostridium acetobutylicum (strain ATCC 824 / DSM 792 / JCM 1419 / LMG 5710 / VKM B-1787)	387
Q59282	ARGD_CORGL	reviewed	2.6.1.11	Acetylornithine aminotransferase (ACOAT) (EC 2.6.1.11)	argD Cgl1397 cg1583	Corynebacterium glutamicum (strain ATCC 13032 / DSM 20300 / JCM 1318 / LMG 3730 / NCIMB 10025)	391
O08321	ARGD_LACPL	reviewed	2.6.1.11	Acetylornithine aminotransferase (ACOAT) (EC 2.6.1.11)	argD lp_0531	Lactobacillus plantarum (strain ATCC BAA-793 / NCIMB 8826 / WCFS1)	389
Q98BB7	ARGD_RHILO	reviewed	2.6.1.11	Acetylornithine aminotransferase (ACOAT) (EC 2.6.1.11)	argD mlr5646	Rhizobium loti (strain MAFF303099) (Mesorhizobium loti)	399
Q59928	ARGD_STRMU	reviewed	2.6.1.11	Acetylornithine aminotransferase (ACOAT) (EC 2.6.1.11)	argD SMU_666	Streptococcus mutans serotype c (strain ATCC 700610 / UA159)	379
Q8XWN8	ARGD_RALSO	reviewed	2.6.1.11	Acetylornithine aminotransferase (ACOAT) (EC 2.6.1.11)	argD RSc2435 RS02668	Ralstonia solanacearum (strain GMI1000) (Pseudomonas solanacearum)	399
P59319	ARGD_PSEPK	reviewed	2.6.1.11	Acetylornithine aminotransferase (ACOAT) (EC 2.6.1.11)	argD PP_4481	Pseudomonas putida (strain ATCC 47054 / DSM 6125 / NCIMB 11950 / KT2440)	406
Q87L20	ARGD_VIBPA	reviewed	2.6.1.11	Acetylornithine aminotransferase (ACOAT) (EC 2.6.1.11)	argD VP2797	Vibrio parahaemolyticus serotype O3:K6 (strain RIMD 2210633)	403
Q7WKW5	ARGD1_BORBR	reviewed	2.6.1.11	Acetylornithine aminotransferase 1 (ACOAT 1) (EC 2.6.1.11)	argD1 BB1988	Bordetella bronchiseptica (strain ATCC BAA-588 / NCTC 13252 / RB50) (Alcaligenes bronchisepticus)	393
Q8CUM9	ARGD_OCEIH	reviewed	2.6.1.11	Acetylornithine aminotransferase (ACOAT) (EC 2.6.1.11)	argD OB1078	Oceanobacillus iheyensis (strain DSM 14371 / CIP 107618 / JCM 11309 / KCTC 3954 / HTE831)	399
Q9KEB0	GSA1_BACHD	reviewed	5.4.3.8	,Glutamate-1-semialdehyde 2,,1-aminomutase 1 (GSA 1) (EC 5.4.3.8) (Glutamate-1-semialdehyde aminotransferase 1) (GSA-AT 1),	hemL1 gsaB BH0943	Bacillus halodurans (strain ATCC BAA-125 / DSM 18197 / FERM 7344 / JCM 9153 / C-125)	437
Q9JRW9	GSA_CHLPN	reviewed	5.4.3.8	,Glutamate-1-semialdehyde 2,,1-aminomutase (GSA) (EC 5.4.3.8) (Glutamate-1-semialdehyde aminotransferase) (GSA-AT),	hemL CPn_0138 CP_0634 CpB0139	Chlamydia pneumoniae (Chlamydophila pneumoniae)	440
Q8CRW7	GSA2_STAES	reviewed	5.4.3.8	,Glutamate-1-semialdehyde 2,,1-aminomutase 2 (GSA 2) (EC 5.4.3.8) (Glutamate-1-semialdehyde aminotransferase 2) (GSA-AT 2),	hemL2 gsaB SE_1548	Staphylococcus epidermidis (strain ATCC 12228)	429
Q9K8G3	GSA2_BACHD	reviewed	5.4.3.8	,Glutamate-1-semialdehyde 2,,1-aminomutase 2 (GSA 2) (EC 5.4.3.8) (Glutamate-1-semialdehyde aminotransferase 2) (GSA-AT 2),	hemL2 hemL BH3043	Bacillus halodurans (strain ATCC BAA-125 / DSM 18197 / FERM 7344 / JCM 9153 / C-125)	429
Q9CNT1	ARGD_PASMU	reviewed	2.6.1.11	Acetylornithine aminotransferase (ACOAT) (EC 2.6.1.11)	argD PM0344	Pasteurella multocida (strain Pm70)	398
Q828A3	ARGD_STRAW	reviewed	2.6.1.11	Acetylornithine aminotransferase (ACOAT) (EC 2.6.1.11)	argD SAV_6766	Streptomyces avermitilis (strain ATCC 31267 / DSM 46492 / JCM 5070 / NBRC 14893 / NCIMB 12804 / NRRL 8165 / MA-4680)	403
Q7VSH3	ARGD2_BORPE	reviewed	2.6.1.11	Acetylornithine aminotransferase 2 (ACOAT 2) (EC 2.6.1.11)	argD2 BP0451	Bordetella pertussis (strain Tohama I / ATCC BAA-589 / NCTC 13251)	396
Q8R7C1	ARGD_CALS4	reviewed	2.6.1.11	Acetylornithine aminotransferase (ACOAT) (EC 2.6.1.11)	argD TTE2495	Caldanaerobacter subterraneus subsp. tengcongensis (strain DSM 15242 / JCM 11007 / NBRC 100824 / MB4) (Thermoanaerobacter tengcongensis)	393
Q92BC0	ARGD_LISIN	reviewed	2.6.1.11	Acetylornithine aminotransferase (ACOAT) (EC 2.6.1.11)	argD lin1630	Listeria innocua serovar 6a (strain ATCC BAA-680 / CLIP 11262)	384
Q92SA0	ARGD_RHIME	reviewed	2.6.1.11	Acetylornithine aminotransferase (ACOAT) (EC 2.6.1.11)	argD R00517 SMc02138	Rhizobium meliloti (strain 1021) (Ensifer meliloti) (Sinorhizobium meliloti)	399
P54752	ARGD_NOSS1	reviewed	2.6.1.11	Acetylornithine aminotransferase (ACOAT) (EC 2.6.1.11)	argD alr1080	Nostoc sp. (strain PCC 7120 / SAG 25.82 / UTEX 2576)	427
Q9PDF2	ARGD_XYLFA	reviewed	2.6.1.11	Acetylornithine aminotransferase (ACOAT) (EC 2.6.1.11)	argD XF_1427	Xylella fastidiosa (strain 9a5c)	411
Q05174	LAT_AMYLA	reviewed	2.6.1.36	L-lysine-epsilon aminotransferase (L-lysine aminotransferase) (EC 2.6.1.36) (Lysine 6-aminotransferase)	lat	Amycolatopsis lactamdurans (Nocardia lactamdurans)	450
Q92AX5	GSA2_LISIN	reviewed	5.4.3.8	,Glutamate-1-semialdehyde 2,,1-aminomutase 2 (GSA 2) (EC 5.4.3.8) (Glutamate-1-semialdehyde aminotransferase 2) (GSA-AT 2),	hemL2 gsaB lin1793	Listeria innocua serovar 6a (strain ATCC BAA-680 / CLIP 11262)	432
Q6QUY9	ECTB_STRAQ	reviewed	2.6.1.76	,Diaminobutyrate--2-oxoglutarate transaminase (EC 2.6.1.76) (DABA aminotransferase) (Diaminobutyrate--2-oxoglutarate aminotransferase) (L-2,,4-diaminobutyric acid transaminase),	ectB thpB	Streptomyces anulatus (Streptomyces chrysomallus)	420
Q8PH31	ARGD_XANAC	reviewed	2.6.1.11	Acetylornithine aminotransferase (ACOAT) (EC 2.6.1.11)	argD XAC3429	Xanthomonas axonopodis pv. citri (strain 306)	408
Q82UP3	ARGD_NITEU	reviewed	2.6.1.11	Acetylornithine aminotransferase (ACOAT) (EC 2.6.1.11)	argD NE1439	Nitrosomonas europaea (strain ATCC 19718 / CIP 103999 / KCTC 2705 / NBRC 14298)	393
Q8FTN2	ARGD_COREF	reviewed	2.6.1.11	Acetylornithine aminotransferase (ACOAT) (EC 2.6.1.11)	argD CE1529	Corynebacterium efficiens (strain DSM 44549 / YS-314 / AJ 12310 / JCM 11189 / NBRC 100395)	402
Q5HN71	GSA2_STAEQ	reviewed	5.4.3.8	,Glutamate-1-semialdehyde 2,,1-aminomutase 2 (GSA 2) (EC 5.4.3.8) (Glutamate-1-semialdehyde aminotransferase 2) (GSA-AT 2),	hemL2 gsaB SERP1401	Staphylococcus epidermidis (strain ATCC 35984 / RP62A)	429
Q7WDN7	ARGD2_BORBR	reviewed	2.6.1.11	Acetylornithine aminotransferase 2 (ACOAT 2) (EC 2.6.1.11)	argD2 BB4951	Bordetella bronchiseptica (strain ATCC BAA-588 / NCTC 13252 / RB50) (Alcaligenes bronchisepticus)	396
P63567	ARGD_BRUSU	reviewed	2.6.1.11	Acetylornithine aminotransferase (ACOAT) (EC 2.6.1.11)	argD BR0301 BS1330_I0302	Brucella suis biovar 1 (strain 1330)	403
P59323	ARGD_VIBVU	reviewed	2.6.1.11	Acetylornithine aminotransferase (ACOAT) (EC 2.6.1.11)	argD VV1_1313	Vibrio vulnificus (strain CMCP6)	403
Q72RH8	ARGD_LEPIC	reviewed	2.6.1.11	Acetylornithine aminotransferase (ACOAT) (EC 2.6.1.11)	argD LIC_11767	Leptospira interrogans serogroup Icterohaemorrhagiae serovar copenhageni (strain Fiocruz L1-130)	406
Q7MH19	ARGD_VIBVY	reviewed	2.6.1.11	Acetylornithine aminotransferase (ACOAT) (EC 2.6.1.11)	argD VV3054	Vibrio vulnificus (strain YJ016)	403
Q7U5R5	ARGD_SYNPX	reviewed	2.6.1.11	Acetylornithine aminotransferase (ACOAT) (EC 2.6.1.11)	argD SYNW1634	Synechococcus sp. (strain WH8102)	420
Q5HER0	GSA2_STAAC	reviewed	5.4.3.8	,Glutamate-1-semialdehyde 2,,1-aminomutase 2 (GSA 2) (EC 5.4.3.8) (Glutamate-1-semialdehyde aminotransferase 2) (GSA-AT 2),	hemL2 gsaB SACOL1922	Staphylococcus aureus (strain COL)	429
P63569	ARGD_MYCBO	reviewed	2.6.1.11	Acetylornithine aminotransferase (ACOAT) (EC 2.6.1.11)	argD BQ2027_MB1683	Mycobacterium bovis (strain ATCC BAA-935 / AF2122/97)	400
Q9JTX9	ARGD_NEIMA	reviewed	2.6.1.11	Acetylornithine aminotransferase (ACOAT) (EC 2.6.1.11)	argD NMA1584	Neisseria meningitidis serogroup A / serotype 4A (strain Z2491)	397
Q7V8L1	ARGD_PROMM	reviewed	2.6.1.11	Acetylornithine aminotransferase (ACOAT) (EC 2.6.1.11)	argD PMT_0331	Prochlorococcus marinus (strain MIT 9313)	418
Q5HP24	ARGD_STAEQ	reviewed	2.6.1.11	Acetylornithine aminotransferase (ACOAT) (EC 2.6.1.11)	argD SERP1089	Staphylococcus epidermidis (strain ATCC 35984 / RP62A)	375
P48247	GSA_PSEAE	reviewed	5.4.3.8	,Glutamate-1-semialdehyde 2,,1-aminomutase (GSA) (EC 5.4.3.8) (Glutamate-1-semialdehyde aminotransferase) (GSA-AT),	hemL PA3977	Pseudomonas aeruginosa (strain ATCC 15692 / DSM 22644 / CIP 104116 / JCM 14847 / LMG 12228 / 1C / PRS 101 / PAO1)	427
Q7A4T5	GSA2_STAAN	reviewed	5.4.3.8	,Glutamate-1-semialdehyde 2,,1-aminomutase 2 (GSA 2) (EC 5.4.3.8) (Glutamate-1-semialdehyde aminotransferase 2) (GSA-AT 2),	hemL2 gsaB SA1681	Staphylococcus aureus (strain N315)	429
